{".env":[".env"],"assets/images/WhatsApp Image 2025-02-05 at 8.01.23 PM-Photoroom.png":["assets/images/WhatsApp Image 2025-02-05 at 8.01.23 PM-Photoroom.png"],"assets/images/carbonimage_1_x2.svg":["assets/images/carbonimage_1_x2.svg"],"assets/images/carbonimage_2_x2.svg":["assets/images/carbonimage_2_x2.svg"],"assets/images/carbonimage_3_x2.svg":["assets/images/carbonimage_3_x2.svg"],"assets/images/carbonimage_4_x2.svg":["assets/images/carbonimage_4_x2.svg"],"assets/images/carbonimage_5_x2.svg":["assets/images/carbonimage_5_x2.svg"],"assets/images/carbonimage_6_x2.svg":["assets/images/carbonimage_6_x2.svg"],"assets/images/carbonimage_x2.svg":["assets/images/carbonimage_x2.svg"],"assets/images/carbonwarning_1_x2.svg":["assets/images/carbonwarning_1_x2.svg"],"assets/images/carbonwarning_x2.svg":["assets/images/carbonwarning_x2.svg"],"assets/images/epback_1_x2.svg":["assets/images/epback_1_x2.svg"],"assets/images/epback_2_x2.svg":["assets/images/epback_2_x2.svg"],"assets/images/epback_3_x2.svg":["assets/images/epback_3_x2.svg"],"assets/images/epback_4_x2.svg":["assets/images/epback_4_x2.svg"],"assets/images/epback_5_x2.svg":["assets/images/epback_5_x2.svg"],"assets/images/epback_6_x2.svg":["assets/images/epback_6_x2.svg"],"assets/images/epback_7_x2.svg":["assets/images/epback_7_x2.svg"],"assets/images/epback_8_x2.svg":["assets/images/epback_8_x2.svg"],"assets/images/epback_x2.svg":["assets/images/epback_x2.svg"],"assets/images/frame_1_x2.svg":["assets/images/frame_1_x2.svg"],"assets/images/frame_2_x2.svg":["assets/images/frame_2_x2.svg"],"assets/images/frame_x2.svg":["assets/images/frame_x2.svg"],"assets/images/g_1406_x2.svg":["assets/images/g_1406_x2.svg"],"assets/images/group_10_x2.svg":["assets/images/group_10_x2.svg"],"assets/images/group_11_x2.svg":["assets/images/group_11_x2.svg"],"assets/images/group_12_x2.svg":["assets/images/group_12_x2.svg"],"assets/images/group_13_x2.svg":["assets/images/group_13_x2.svg"],"assets/images/group_14_x2.svg":["assets/images/group_14_x2.svg"],"assets/images/group_15_x2.svg":["assets/images/group_15_x2.svg"],"assets/images/group_16_x2.svg":["assets/images/group_16_x2.svg"],"assets/images/group_17_x2.svg":["assets/images/group_17_x2.svg"],"assets/images/group_18_x2.svg":["assets/images/group_18_x2.svg"],"assets/images/group_1_x2.svg":["assets/images/group_1_x2.svg"],"assets/images/group_2_x2.svg":["assets/images/group_2_x2.svg"],"assets/images/group_3_x2.svg":["assets/images/group_3_x2.svg"],"assets/images/group_4_x2.svg":["assets/images/group_4_x2.svg"],"assets/images/group_5_x2.svg":["assets/images/group_5_x2.svg"],"assets/images/group_6_x2.svg":["assets/images/group_6_x2.svg"],"assets/images/group_7_x2.svg":["assets/images/group_7_x2.svg"],"assets/images/group_8_x2.svg":["assets/images/group_8_x2.svg"],"assets/images/group_9_x2.svg":["assets/images/group_9_x2.svg"],"assets/images/group_x2.svg":["assets/images/group_x2.svg"],"assets/images/image_x2.svg":["assets/images/image_x2.svg"],"assets/images/layer_1_x2.svg":["assets/images/layer_1_x2.svg"],"assets/images/log.png":["assets/images/log.png"],"assets/images/logg2-removebg-preview.png":["assets/images/logg2-removebg-preview.png"],"assets/images/logg3.jpg":["assets/images/logg3.jpg"],"assets/images/logo.jpeg":["assets/images/logo.jpeg"],"assets/images/logostelegram_x2.svg":["assets/images/logostelegram_x2.svg"],"assets/images/logoswhatsapp_icon_x2.svg":["assets/images/logoswhatsapp_icon_x2.svg"],"assets/images/seal.jpeg":["assets/images/seal.jpeg"],"assets/images/seal2.jpeg":["assets/images/seal2.jpeg"],"assets/images/vector_100_x2.svg":["assets/images/vector_100_x2.svg"],"assets/images/vector_101_x2.svg":["assets/images/vector_101_x2.svg"],"assets/images/vector_102_x2.svg":["assets/images/vector_102_x2.svg"],"assets/images/vector_103_x2.svg":["assets/images/vector_103_x2.svg"],"assets/images/vector_104_x2.svg":["assets/images/vector_104_x2.svg"],"assets/images/vector_105_x2.svg":["assets/images/vector_105_x2.svg"],"assets/images/vector_106_x2.svg":["assets/images/vector_106_x2.svg"],"assets/images/vector_107_x2.svg":["assets/images/vector_107_x2.svg"],"assets/images/vector_108_x2.svg":["assets/images/vector_108_x2.svg"],"assets/images/vector_109_x2.svg":["assets/images/vector_109_x2.svg"],"assets/images/vector_10_x2.svg":["assets/images/vector_10_x2.svg"],"assets/images/vector_110_x2.svg":["assets/images/vector_110_x2.svg"],"assets/images/vector_111_x2.svg":["assets/images/vector_111_x2.svg"],"assets/images/vector_112_x2.svg":["assets/images/vector_112_x2.svg"],"assets/images/vector_113_x2.svg":["assets/images/vector_113_x2.svg"],"assets/images/vector_114_x2.svg":["assets/images/vector_114_x2.svg"],"assets/images/vector_115_x2.svg":["assets/images/vector_115_x2.svg"],"assets/images/vector_116_x2.svg":["assets/images/vector_116_x2.svg"],"assets/images/vector_117_x2.svg":["assets/images/vector_117_x2.svg"],"assets/images/vector_118_x2.svg":["assets/images/vector_118_x2.svg"],"assets/images/vector_119_x2.svg":["assets/images/vector_119_x2.svg"],"assets/images/vector_11_x2.svg":["assets/images/vector_11_x2.svg"],"assets/images/vector_120_x2.svg":["assets/images/vector_120_x2.svg"],"assets/images/vector_121_x2.svg":["assets/images/vector_121_x2.svg"],"assets/images/vector_122_x2.svg":["assets/images/vector_122_x2.svg"],"assets/images/vector_123_x2.svg":["assets/images/vector_123_x2.svg"],"assets/images/vector_124_x2.svg":["assets/images/vector_124_x2.svg"],"assets/images/vector_125_x2.svg":["assets/images/vector_125_x2.svg"],"assets/images/vector_126_x2.svg":["assets/images/vector_126_x2.svg"],"assets/images/vector_127_x2.svg":["assets/images/vector_127_x2.svg"],"assets/images/vector_128_x2.svg":["assets/images/vector_128_x2.svg"],"assets/images/vector_129_x2.svg":["assets/images/vector_129_x2.svg"],"assets/images/vector_12_x2.svg":["assets/images/vector_12_x2.svg"],"assets/images/vector_130_x2.svg":["assets/images/vector_130_x2.svg"],"assets/images/vector_131_x2.svg":["assets/images/vector_131_x2.svg"],"assets/images/vector_132_x2.svg":["assets/images/vector_132_x2.svg"],"assets/images/vector_133_x2.svg":["assets/images/vector_133_x2.svg"],"assets/images/vector_134_x2.svg":["assets/images/vector_134_x2.svg"],"assets/images/vector_135_x2.svg":["assets/images/vector_135_x2.svg"],"assets/images/vector_136_x2.svg":["assets/images/vector_136_x2.svg"],"assets/images/vector_137_x2.svg":["assets/images/vector_137_x2.svg"],"assets/images/vector_138_x2.svg":["assets/images/vector_138_x2.svg"],"assets/images/vector_139_x2.svg":["assets/images/vector_139_x2.svg"],"assets/images/vector_13_x2.svg":["assets/images/vector_13_x2.svg"],"assets/images/vector_140_x2.svg":["assets/images/vector_140_x2.svg"],"assets/images/vector_141_x2.svg":["assets/images/vector_141_x2.svg"],"assets/images/vector_142_x2.svg":["assets/images/vector_142_x2.svg"],"assets/images/vector_143_x2.svg":["assets/images/vector_143_x2.svg"],"assets/images/vector_144_x2.svg":["assets/images/vector_144_x2.svg"],"assets/images/vector_145_x2.svg":["assets/images/vector_145_x2.svg"],"assets/images/vector_146_x2.svg":["assets/images/vector_146_x2.svg"],"assets/images/vector_147_x2.svg":["assets/images/vector_147_x2.svg"],"assets/images/vector_148_x2.svg":["assets/images/vector_148_x2.svg"],"assets/images/vector_149_x2.svg":["assets/images/vector_149_x2.svg"],"assets/images/vector_14_x2.svg":["assets/images/vector_14_x2.svg"],"assets/images/vector_150_x2.svg":["assets/images/vector_150_x2.svg"],"assets/images/vector_151_x2.svg":["assets/images/vector_151_x2.svg"],"assets/images/vector_152_x2.svg":["assets/images/vector_152_x2.svg"],"assets/images/vector_153_x2.svg":["assets/images/vector_153_x2.svg"],"assets/images/vector_154_x2.svg":["assets/images/vector_154_x2.svg"],"assets/images/vector_155_x2.svg":["assets/images/vector_155_x2.svg"],"assets/images/vector_156_x2.svg":["assets/images/vector_156_x2.svg"],"assets/images/vector_157_x2.svg":["assets/images/vector_157_x2.svg"],"assets/images/vector_158_x2.svg":["assets/images/vector_158_x2.svg"],"assets/images/vector_159_x2.svg":["assets/images/vector_159_x2.svg"],"assets/images/vector_15_x2.svg":["assets/images/vector_15_x2.svg"],"assets/images/vector_160_x2.svg":["assets/images/vector_160_x2.svg"],"assets/images/vector_161_x2.svg":["assets/images/vector_161_x2.svg"],"assets/images/vector_162_x2.svg":["assets/images/vector_162_x2.svg"],"assets/images/vector_163_x2.svg":["assets/images/vector_163_x2.svg"],"assets/images/vector_164_x2.svg":["assets/images/vector_164_x2.svg"],"assets/images/vector_165_x2.svg":["assets/images/vector_165_x2.svg"],"assets/images/vector_166_x2.svg":["assets/images/vector_166_x2.svg"],"assets/images/vector_167_x2.svg":["assets/images/vector_167_x2.svg"],"assets/images/vector_168_x2.svg":["assets/images/vector_168_x2.svg"],"assets/images/vector_169_x2.svg":["assets/images/vector_169_x2.svg"],"assets/images/vector_16_x2.svg":["assets/images/vector_16_x2.svg"],"assets/images/vector_170_x2.svg":["assets/images/vector_170_x2.svg"],"assets/images/vector_171_x2.svg":["assets/images/vector_171_x2.svg"],"assets/images/vector_172_x2.svg":["assets/images/vector_172_x2.svg"],"assets/images/vector_173_x2.svg":["assets/images/vector_173_x2.svg"],"assets/images/vector_174_x2.svg":["assets/images/vector_174_x2.svg"],"assets/images/vector_175_x2.svg":["assets/images/vector_175_x2.svg"],"assets/images/vector_176_x2.svg":["assets/images/vector_176_x2.svg"],"assets/images/vector_177_x2.svg":["assets/images/vector_177_x2.svg"],"assets/images/vector_178_x2.svg":["assets/images/vector_178_x2.svg"],"assets/images/vector_179_x2.svg":["assets/images/vector_179_x2.svg"],"assets/images/vector_17_x2.svg":["assets/images/vector_17_x2.svg"],"assets/images/vector_180_x2.svg":["assets/images/vector_180_x2.svg"],"assets/images/vector_181_x2.svg":["assets/images/vector_181_x2.svg"],"assets/images/vector_182_x2.svg":["assets/images/vector_182_x2.svg"],"assets/images/vector_183_x2.svg":["assets/images/vector_183_x2.svg"],"assets/images/vector_184_x2.svg":["assets/images/vector_184_x2.svg"],"assets/images/vector_185_x2.svg":["assets/images/vector_185_x2.svg"],"assets/images/vector_186_x2.svg":["assets/images/vector_186_x2.svg"],"assets/images/vector_187_x2.svg":["assets/images/vector_187_x2.svg"],"assets/images/vector_188_x2.svg":["assets/images/vector_188_x2.svg"],"assets/images/vector_189_x2.svg":["assets/images/vector_189_x2.svg"],"assets/images/vector_18_x2.svg":["assets/images/vector_18_x2.svg"],"assets/images/vector_190_x2.svg":["assets/images/vector_190_x2.svg"],"assets/images/vector_191_x2.svg":["assets/images/vector_191_x2.svg"],"assets/images/vector_192_x2.svg":["assets/images/vector_192_x2.svg"],"assets/images/vector_193_x2.svg":["assets/images/vector_193_x2.svg"],"assets/images/vector_194_x2.svg":["assets/images/vector_194_x2.svg"],"assets/images/vector_195_x2.svg":["assets/images/vector_195_x2.svg"],"assets/images/vector_19_x2.svg":["assets/images/vector_19_x2.svg"],"assets/images/vector_1_x2.svg":["assets/images/vector_1_x2.svg"],"assets/images/vector_20_x2.svg":["assets/images/vector_20_x2.svg"],"assets/images/vector_21_x2.svg":["assets/images/vector_21_x2.svg"],"assets/images/vector_22_x2.svg":["assets/images/vector_22_x2.svg"],"assets/images/vector_23_x2.svg":["assets/images/vector_23_x2.svg"],"assets/images/vector_24_x2.svg":["assets/images/vector_24_x2.svg"],"assets/images/vector_25_x2.svg":["assets/images/vector_25_x2.svg"],"assets/images/vector_26_x2.svg":["assets/images/vector_26_x2.svg"],"assets/images/vector_27_x2.svg":["assets/images/vector_27_x2.svg"],"assets/images/vector_28_x2.svg":["assets/images/vector_28_x2.svg"],"assets/images/vector_29_x2.svg":["assets/images/vector_29_x2.svg"],"assets/images/vector_2_x2.svg":["assets/images/vector_2_x2.svg"],"assets/images/vector_30_x2.svg":["assets/images/vector_30_x2.svg"],"assets/images/vector_31_x2.svg":["assets/images/vector_31_x2.svg"],"assets/images/vector_32_x2.svg":["assets/images/vector_32_x2.svg"],"assets/images/vector_33_x2.svg":["assets/images/vector_33_x2.svg"],"assets/images/vector_34_x2.svg":["assets/images/vector_34_x2.svg"],"assets/images/vector_35_x2.svg":["assets/images/vector_35_x2.svg"],"assets/images/vector_36_x2.svg":["assets/images/vector_36_x2.svg"],"assets/images/vector_37_x2.svg":["assets/images/vector_37_x2.svg"],"assets/images/vector_38_x2.svg":["assets/images/vector_38_x2.svg"],"assets/images/vector_39_x2.svg":["assets/images/vector_39_x2.svg"],"assets/images/vector_3_x2.svg":["assets/images/vector_3_x2.svg"],"assets/images/vector_40_x2.svg":["assets/images/vector_40_x2.svg"],"assets/images/vector_41_x2.svg":["assets/images/vector_41_x2.svg"],"assets/images/vector_42_x2.svg":["assets/images/vector_42_x2.svg"],"assets/images/vector_43_x2.svg":["assets/images/vector_43_x2.svg"],"assets/images/vector_44_x2.svg":["assets/images/vector_44_x2.svg"],"assets/images/vector_45_x2.svg":["assets/images/vector_45_x2.svg"],"assets/images/vector_46_x2.svg":["assets/images/vector_46_x2.svg"],"assets/images/vector_47_x2.svg":["assets/images/vector_47_x2.svg"],"assets/images/vector_48_x2.svg":["assets/images/vector_48_x2.svg"],"assets/images/vector_49_x2.svg":["assets/images/vector_49_x2.svg"],"assets/images/vector_4_x2.svg":["assets/images/vector_4_x2.svg"],"assets/images/vector_50_x2.svg":["assets/images/vector_50_x2.svg"],"assets/images/vector_51_x2.svg":["assets/images/vector_51_x2.svg"],"assets/images/vector_52_x2.svg":["assets/images/vector_52_x2.svg"],"assets/images/vector_53_x2.svg":["assets/images/vector_53_x2.svg"],"assets/images/vector_54_x2.svg":["assets/images/vector_54_x2.svg"],"assets/images/vector_55_x2.svg":["assets/images/vector_55_x2.svg"],"assets/images/vector_56_x2.svg":["assets/images/vector_56_x2.svg"],"assets/images/vector_57_x2.svg":["assets/images/vector_57_x2.svg"],"assets/images/vector_58_x2.svg":["assets/images/vector_58_x2.svg"],"assets/images/vector_59_x2.svg":["assets/images/vector_59_x2.svg"],"assets/images/vector_5_x2.svg":["assets/images/vector_5_x2.svg"],"assets/images/vector_60_x2.svg":["assets/images/vector_60_x2.svg"],"assets/images/vector_61_x2.svg":["assets/images/vector_61_x2.svg"],"assets/images/vector_62_x2.svg":["assets/images/vector_62_x2.svg"],"assets/images/vector_63_x2.svg":["assets/images/vector_63_x2.svg"],"assets/images/vector_64_x2.svg":["assets/images/vector_64_x2.svg"],"assets/images/vector_65_x2.svg":["assets/images/vector_65_x2.svg"],"assets/images/vector_66_x2.svg":["assets/images/vector_66_x2.svg"],"assets/images/vector_67_x2.svg":["assets/images/vector_67_x2.svg"],"assets/images/vector_68_x2.svg":["assets/images/vector_68_x2.svg"],"assets/images/vector_69_x2.svg":["assets/images/vector_69_x2.svg"],"assets/images/vector_6_x2.svg":["assets/images/vector_6_x2.svg"],"assets/images/vector_70_x2.svg":["assets/images/vector_70_x2.svg"],"assets/images/vector_71_x2.svg":["assets/images/vector_71_x2.svg"],"assets/images/vector_72_x2.svg":["assets/images/vector_72_x2.svg"],"assets/images/vector_73_x2.svg":["assets/images/vector_73_x2.svg"],"assets/images/vector_74_x2.svg":["assets/images/vector_74_x2.svg"],"assets/images/vector_75_x2.svg":["assets/images/vector_75_x2.svg"],"assets/images/vector_76_x2.svg":["assets/images/vector_76_x2.svg"],"assets/images/vector_77_x2.svg":["assets/images/vector_77_x2.svg"],"assets/images/vector_78_x2.svg":["assets/images/vector_78_x2.svg"],"assets/images/vector_79_x2.svg":["assets/images/vector_79_x2.svg"],"assets/images/vector_7_x2.svg":["assets/images/vector_7_x2.svg"],"assets/images/vector_80_x2.svg":["assets/images/vector_80_x2.svg"],"assets/images/vector_81_x2.svg":["assets/images/vector_81_x2.svg"],"assets/images/vector_82_x2.svg":["assets/images/vector_82_x2.svg"],"assets/images/vector_83_x2.svg":["assets/images/vector_83_x2.svg"],"assets/images/vector_84_x2.svg":["assets/images/vector_84_x2.svg"],"assets/images/vector_85_x2.svg":["assets/images/vector_85_x2.svg"],"assets/images/vector_86_x2.svg":["assets/images/vector_86_x2.svg"],"assets/images/vector_87_x2.svg":["assets/images/vector_87_x2.svg"],"assets/images/vector_88_x2.svg":["assets/images/vector_88_x2.svg"],"assets/images/vector_89_x2.svg":["assets/images/vector_89_x2.svg"],"assets/images/vector_8_x2.svg":["assets/images/vector_8_x2.svg"],"assets/images/vector_90_x2.svg":["assets/images/vector_90_x2.svg"],"assets/images/vector_91_x2.svg":["assets/images/vector_91_x2.svg"],"assets/images/vector_92_x2.svg":["assets/images/vector_92_x2.svg"],"assets/images/vector_93_x2.svg":["assets/images/vector_93_x2.svg"],"assets/images/vector_94_x2.svg":["assets/images/vector_94_x2.svg"],"assets/images/vector_95_x2.svg":["assets/images/vector_95_x2.svg"],"assets/images/vector_96_x2.svg":["assets/images/vector_96_x2.svg"],"assets/images/vector_97_x2.svg":["assets/images/vector_97_x2.svg"],"assets/images/vector_98_x2.svg":["assets/images/vector_98_x2.svg"],"assets/images/vector_99_x2.svg":["assets/images/vector_99_x2.svg"],"assets/images/vector_9_x2.svg":["assets/images/vector_9_x2.svg"],"assets/images/vector_x2.svg":["assets/images/vector_x2.svg"],"assets/website/id_card.html":["assets/website/id_card.html"],"packages/cupertino_icons/assets/CupertinoIcons.ttf":["packages/cupertino_icons/assets/CupertinoIcons.ttf"],"packages/flutter_inappwebview/assets/t_rex_runner/t-rex.css":["packages/flutter_inappwebview/assets/t_rex_runner/t-rex.css"],"packages/flutter_inappwebview/assets/t_rex_runner/t-rex.html":["packages/flutter_inappwebview/assets/t_rex_runner/t-rex.html"],"packages/flutter_inappwebview_web/assets/web/web_support.js":["packages/flutter_inappwebview_web/assets/web/web_support.js"],"packages/fluttertoast/assets/toastify.css":["packages/fluttertoast/assets/toastify.css"],"packages/fluttertoast/assets/toastify.js":["packages/fluttertoast/assets/toastify.js"]}